All measured points in VidSync project Porter_BACI_RoachRun_5July2018_Part1,,,,,,,,,,
Object(s),Event,Timecode,Time,X,Y,Z,PLD Error,Re-projection Error,Nearest Camera Distance,Screen coordinates (may be multiple columns)
Subsample_1 1 (Okisutch),Drift_Forage 1,0:00:07:30.175/60000,450.00293,45.767326,18.348572,19.531727,0.060614,0.400711,82.813538,
Subsample_1 1 (Okisutch),Drift_Forage 2,0:00:07:33.175/60000,453.00293,45.546421,20.536438,19.743763,0.060694,0.455147,84.91523,
Subsample_1 1 (Okisutch),Drift_Forage 3,0:00:07:36.175/60000,456.00293,50.996304,23.169432,20.90354,0.069344,0.642234,88.128052,
Subsample_1 1 (Okisutch),Surface_Strike 4,0:00:07:39.175/60000,459.00293,52.110165,20.991636,18.093042,0.089331,0.256915,86.55851,
Subsample_1 1 (Okisutch),Drift_Forage 5,0:00:07:42.175/60000,462.00293,47.729237,19.488501,21.260769,0.054183,0.251878,83.972435,
Subsample_1 1 (Okisutch),Drift_Forage 6,0:00:07:45.175/60000,465.00293,54.736748,22.126566,21.776726,0.070383,0.370448,87.729843,
Subsample_1 1 (Okisutch),Drift_Forage 7,0:00:07:48.175/60000,468.00293,54.448341,21.688272,19.451294,0.085917,0.60893,87.510002,
Subsample_1 1 (Okisutch),Drift_Forage 8,0:00:07:51.175/60000,471.00293,45.160717,20.956539,22.492073,0.043015,0.292632,84.97982,
Subsample_1 1 (Okisutch),Drift_Forage 9,0:00:07:54.175/60000,474.00293,48.010471,18.72595,21.85457,0.04979,0.035544,83.196899,
Subsample_1 1 (Okisutch),Drift_Forage 10,0:00:07:57.175/60000,477.00293,39.363724,22.230516,21.438242,0.040539,0.888021,85.934486,
Subsample_1 1 (Okisutch),Drift_Forage 11,0:00:08:00.175/60000,480.00293,43.847828,19.467678,20.929777,0.04791,1.45838,83.542221,
Subsample_1 1 (Okisutch),Length 13,0:00:07:35.55328/60000,455.922119,51.436401,23.775276,21.050234,0.070439,0.49752,88.780334,
Subsample_1 1 (Okisutch),Length 12,0:00:07:30.175/60000,450.00293,50.013844,16.37767,19.707916,0.068813,0.117175,81.465889,
Subsample_1 1 (Okisutch),Length 13,0:00:07:35.55328/60000,455.922119,55.819874,22.727758,22.087719,0.071776,0.681849,88.518188,
Subsample_1 1 (Okisutch),Length 14,0:00:07:39.175/60000,459.00293,56.471207,19.663153,17.259577,0.106655,0.035299,86.316765,
Subsample_1 1 (Okisutch),Length 14,0:00:07:39.175/60000,459.00293,52.044945,20.864134,18.149998,0.088626,0.633641,86.414291,
Subsample_1 1 (Okisutch),Length 12,0:00:07:30.175/60000,450.00293,45.719803,18.324982,19.552155,0.060338,0.28181,82.782059,
Subsample_1 2 (Omykiss),Drift_Forage 15,0:00:07:30.175/60000,450.00293,-40.072124,40.980145,-17.341003,0.121346,0.03598,123.281662,
Subsample_1 2 (Omykiss),Drift_Forage 17,0:00:07:36.175/60000,456.00293,-25.225294,37.297165,-14.352424,0.119708,0.059421,114.228722,
Subsample_1 2 (Omykiss),Feint 16,0:00:07:33.175/60000,453.00293,-25.323713,44.677849,-9.873414,0.0812,1.309067,119.254929,
Subsample_1 2 (Omykiss),Drift_Forage 18,0:00:07:39.175/60000,459.00293,-24.924154,43.442982,-4.838276,0.070643,0.338139,116.434753,
Subsample_1 2 (Omykiss),Feint 19,0:00:07:42.175/60000,462.00293,-54.582962,25.916035,-9.461735,0.085078,0.206025,114.519135,
Subsample_1 2 (Omykiss),Feint 20,0:00:07:45.175/60000,465.00293,-45.387268,22.042427,-12.660831,0.129515,1.495357,108.098625,
Subsample_1 2 (Omykiss),Feint 21,0:00:07:48.175/60000,468.00293,-49.525604,12.936076,-10.363376,0.061255,1.521367,102.243256,
Subsample_1 2 (Omykiss),Feint 22,0:00:08:00.175/60000,480.00293,-52.023724,23.059299,-9.793102,0.090456,0.777052,111.080132,
Subsample_1 2 (Omykiss),Length 25,0:00:07:31.4037/60000,451.067291,-23.11945,41.990627,-15.599197,0.098347,0.521369,118.345619,
Subsample_1 2 (Omykiss),Length 23,0:00:07:32.13106/60000,452.218445,-19.313429,36.84671,-17.674784,0.110348,0.665598,113.749229,
Subsample_1 2 (Omykiss),Length 23,0:00:07:32.13106/60000,452.218445,-25.983402,41.267159,-14.299803,0.105085,0.695497,117.926979,
Subsample_1 2 (Omykiss),Length 24,0:00:07:35.4277/60000,455.071289,-26.155989,37.561497,-13.940441,0.119596,0.890727,114.554031,
Subsample_1 2 (Omykiss),Length 25,0:00:07:31.4037/60000,451.067291,-31.00598,42.700363,-13.615299,0.104142,1.324097,120.360596,
Subsample_1 2 (Omykiss),Length 24,0:00:07:35.4277/60000,455.071289,-17.649902,36.895897,-15.598638,0.106041,1.515955,112.593613,
Subsample_1 3 (Hsymmetricus),Movement 27,0:00:07:33.974/60000,453.016235,5.741562,43.432129,-22.545166,0.038466,1.596928,119.150322,
Subsample_1 3 (Hsymmetricus),Search_Forage 28,0:00:07:36.974/60000,456.016235,13.64841,26.959021,-19.6485,0.037951,1.282086,103.539368,
Subsample_1 3 (Hsymmetricus),Drift_Forage 29,0:00:07:39.974/60000,459.016235,14.180588,31.40976,-23.519272,0.063844,3.161966,109.333015,
Subsample_1 3 (Hsymmetricus),Drift_Forage 30,0:00:07:42.974/60000,462.016235,13.197577,30.158083,-18.754883,0.038849,0.94002,105.899452,
Subsample_1 3 (Hsymmetricus),Drift_Forage 31,0:00:07:45.974/60000,465.016235,10.748436,30.056715,-16.969336,0.015964,0.230303,104.84063,
Subsample_1 3 (Hsymmetricus),Drift_Forage 32,0:00:07:48.974/60000,468.016235,15.746051,30.181681,-19.341213,0.060029,1.775048,106.415764,
Subsample_1 3 (Hsymmetricus),Drift_Forage 33,0:00:07:51.974/60000,471.016235,16.725792,32.436359,-20.41979,0.075896,0.523092,109.001472,
Subsample_1 3 (Hsymmetricus),Drift_Forage 34,0:00:07:54.974/60000,474.016235,17.177771,31.79748,-20.436285,0.077947,0.472587,108.496246,
Subsample_1 3 (Hsymmetricus),Drift_Forage 35,0:00:07:57.974/60000,477.016235,17.323977,30.76709,-19.168783,0.073088,0.172585,107.021645,
Subsample_1 3 (Hsymmetricus),Drift_Forage 36,0:00:08:00.974/60000,480.016235,16.742338,31.738344,-20.489027,0.074601,1.59506,108.421051,
Subsample_1 3 (Hsymmetricus),Length 38,0:00:07:31.13046/60000,451.217438,-2.08969,43.764671,-18.741991,0.012622,3.034385,118.046616,
Subsample_1 3 (Hsymmetricus),Length 37,0:00:07:30.13987/60000,450.233124,-32.141827,51.129673,-12.135099,0.064821,1.142684,127.695641,
Subsample_1 3 (Hsymmetricus),Length 38,0:00:07:31.13046/60000,451.217438,-6.859645,45.161949,-15.397799,0.031754,0.349084,118.381874,
Subsample_1 3 (Hsymmetricus),Length 37,0:00:07:30.13987/60000,450.233124,-34.44416,46.256004,-14.979653,0.094442,0.977998,125.042145,
Subsample_1 3 (Hsymmetricus),Drift_Forage 26,0:00:07:30.175/60000,450.00293,-37.820744,43.218079,-15.307811,0.109161,0.360614,123.633804,
Subsample_1 4 (Okisutch),Drift_Forage 39,0:00:07:30.175/60000,450.00293,-63.915859,26.408539,-12.904344,0.039356,19.017462,121.187469,
Subsample_1 4 (Okisutch),Drift_Forage 40,0:00:07:36.175/60000,456.00293,-60.074463,24.922956,-11.455062,0.049562,0.009316,117.40554,
Subsample_1 4 (Okisutch),Drift_Forage 41,0:00:07:39.175/60000,459.00293,-58.776703,23.921654,-7.940363,0.049796,0.890663,114.727402,
Subsample_1 4 (Okisutch),Drift_Forage 42,0:00:07:42.175/60000,462.00293,-58.163979,26.754303,-8.557784,0.064523,0.687308,116.770157,
Subsample_1 4 (Okisutch),Drift_Forage 43,0:00:07:45.175/60000,465.00293,-53.881393,33.129017,-15.227497,0.112782,3.729779,121.905907,
Subsample_1 4 (Okisutch),Drift_Forage 44,0:00:07:48.175/60000,468.00293,-51.626377,18.539808,-9.135902,0.069743,1.121808,107.141136,
Subsample_1 4 (Okisutch),Drift_Forage 45,0:00:07:57.175/60000,477.00293,-57.335007,20.989948,-10.292776,0.050515,1.405936,112.513237,
Subsample_1 4 (Okisutch),Drift_Forage 46,0:00:08:00.175/60000,480.00293,-61.872818,30.465042,-14.058218,0.060737,4.296191,123.511711,
Subsample_1 5 (Omykiss),Drift_Forage 47,0:00:07:33.175/60000,453.00293,-65.319443,29.906136,26.234932,0.14042,1.033722,117.083717,
Subsample_1 4 (Okisutch),Length 49,0:00:07:46.56989/60000,466.949829,-55.924065,18.569727,-10.260733,0.05221,1.248494,109.904648,
Subsample_1 4 (Okisutch),Length 48,0:00:07:41.54687/60000,461.911438,-66.766464,27.325933,-9.37536,0.030413,0.90452,122.329559,
Subsample_1 4 (Okisutch),Length 49,0:00:07:46.56989/60000,466.949829,-48.980186,20.094061,-9.757964,0.096697,0.987129,107.203835,
Subsample_1 4 (Okisutch),Length 48,0:00:07:41.54687/60000,461.911438,-59.14817,27.746853,-9.049951,0.062842,0.549778,118.233185,
Subsample_1 4 (Okisutch),Length 50,0:00:07:47.9001/60000,467.150024,-56.079735,18.17417,-9.788378,0.052064,1.278625,109.524185,
Subsample_1 4 (Okisutch),Length 50,0:00:07:47.9001/60000,467.150024,-48.843433,19.497038,-9.416049,0.094254,0.481053,106.542824,
Subsample_1 5 (Omykiss),Length 51,0:00:07:33.19172/60000,453.319519,-55.593418,30.175482,25.366133,0.162115,0.636356,111.763947,
Subsample_1 5 (Omykiss),Length 51,0:00:07:33.19172/60000,453.319519,-60.120331,28.844545,24.326925,0.139058,2.011479,113.241585,
Subsample_1 5 (Omykiss),Drift_Forage 52,0:00:07:36.175/60000,456.00293,-67.043137,27.989119,21.746706,0.095086,0.589072,116.842484,
Subsample_1 5 (Omykiss),Length 55,0:00:07:35.175/60000,455.00293,-60.374073,23.859068,20.002932,0.083257,0.448266,109.666039,
Subsample_1 5 (Omykiss),Length 55,0:00:07:35.175/60000,455.00293,-55.973694,25.982594,19.461597,0.092383,0.685372,108.888626,
Subsample_1 5 (Omykiss),Drift_Forage 53,0:00:07:39.175/60000,459.00293,-63.487942,26.616402,20.226458,0.089751,1.08069,113.707581,
Subsample_1 5 (Omykiss),Drift_Forage 56,0:00:07:58.175/60000,478.00293,-54.914127,40.155903,19.162989,0.125113,0.948008,120.309288,
Subsample_1 5 (Omykiss),Length 58,0:00:07:59.42754/60000,479.712555,-22.450579,37.301559,9.077391,0.018982,1.711761,106.611717,
Subsample_1 6 (Omykiss),Search_Forage 59,0:00:07:45.175/60000,465.00293,-52.250515,14.639797,-9.305458,0.057592,0.8849,104.586617,
Subsample_1 5 (Omykiss),Drift_Forage 57,0:00:08:00.175/60000,480.00293,-13.957757,38.783051,6.058285,0.027554,1.216442,106.799622,
Subsample_1 5 (Omykiss),Length 58,0:00:07:59.42754/60000,479.712555,-18.105587,37.921734,6.623808,0.031825,1.377996,106.67308,
Subsample_1 6 (Omykiss),Movement 60,0:00:08:00.175/60000,480.00293,-63.835663,24.399904,-8.434481,0.036185,0.792488,118.133896,
Subsample_1 6 (Omykiss),Length 61,0:00:07:45.52925/60000,465.88208,-51.719517,15.849849,-9.915397,0.058683,0.397592,105.435516,
Subsample_1 6 (Omykiss),Length 62,0:00:07:47.1994/60000,467.033234,-41.39624,10.723799,-9.797435,0.09036,0.887601,96.192795,
Subsample_1 6 (Omykiss),Length 62,0:00:07:47.1994/60000,467.033234,-38.286045,13.947558,-8.4031,0.134351,2.018163,96.718216,
Subsample_1 6 (Omykiss),Length 61,0:00:07:45.52925/60000,465.88208,-46.747414,16.400259,-10.319423,0.091074,1.797693,103.424088,
Subsample_2 7 (Okisutch),Search_Forage 63,0:00:09:00.175/60000,540.00293,21.401402,-10.423364,17.486685,0.068053,0.635934,56.304348,
Subsample_2 7 (Okisutch),Length 64,0:00:09:00.5373/60000,540.089539,24.59495,-11.414023,17.727272,0.091548,0.506434,54.557541,
Subsample_2 7 (Okisutch),Length 64,0:00:09:00.5373/60000,540.089539,20.033857,-9.978332,17.276608,0.058619,0.006388,57.047256,
Subsample_2 7 (Okisutch),Search_Forage 65,0:00:09:03.175/60000,543.00293,37.88063,15.656492,9.56713,0.102795,0.428189,81.594574,
Subsample_2 7 (Okisutch),Drift_Forage 66,0:00:09:06.175/60000,546.00293,36.284843,14.543419,8.358958,0.103433,0.526484,80.826111,
Subsample_2 7 (Okisutch),Length 68,0:00:09:06.4732/60000,546.078857,36.15192,15.400952,8.196194,0.102862,0.373575,81.695175,
Subsample_2 7 (Okisutch),Length 67,0:00:09:03.19567/60000,543.326111,38.872505,16.013992,10.12626,0.103403,0.494001,81.825012,
Subsample_2 7 (Okisutch),Length 68,0:00:09:06.4732/60000,546.078857,40.618122,13.89376,7.710583,0.129441,0.144773,80.509346,
Subsample_2 7 (Okisutch),Length 67,0:00:09:03.19567/60000,543.326111,43.71302,16.200335,9.053449,0.130822,0.011803,82.583336,
Subsample_2 7 (Okisutch),Drift_Forage 69,0:00:09:09.175/60000,549.00293,34.814392,-0.567231,8.702123,0.13857,0.277673,66.331009,
Subsample_2 7 (Okisutch),Drift_Forage 70,0:00:09:12.175/60000,552.00293,61.609203,10.135298,10.778538,0.184943,0.77218,80.08947,
Subsample_2 7 (Okisutch),Drift_Forage 72,0:00:09:18.175/60000,558.00293,68.193253,13.525392,11.188399,0.186812,0.140751,85.354454,
Subsample_2 7 (Okisutch),Drift_Forage 71,0:00:09:15.175/60000,555.00293,78.005722,13.281628,5.54321,0.207916,0.520266,90.692497,
Subsample_2 7 (Okisutch),Drift_Forage 73,0:00:09:21.175/60000,561.00293,74.586723,8.573288,6.355707,0.195057,0.270864,84.928291,
Subsample_2 7 (Okisutch),Drift_Forage 74,0:00:09:24.175/60000,564.00293,80.415871,17.339235,8.475282,0.203615,0.041375,94.50312,
Subsample_2 7 (Okisutch),Drift_Forage 75,0:00:09:27.175/60000,567.00293,79.53653,17.133841,8.118752,0.207495,0.942932,94.003479,
Subsample_2 7 (Okisutch),Drift_Forage 76,0:00:09:29.175/60000,569.00293,77.913475,17.376659,13.404672,0.174627,0.251201,92.342697,
Subsample_2 8 (Omykiss),Drift_Forage 77,0:00:09:00.175/60000,540.00293,47.358086,21.625061,17.991215,0.078225,0.31445,86.444626,
Subsample_2 8 (Omykiss),Drift_Forage 78,0:00:09:03.175/60000,543.00293,41.243023,19.278143,11.117256,0.105072,0.568293,84.862747,
Subsample_2 8 (Omykiss),Drift_Forage 80,0:00:09:09.175/60000,549.00293,36.739292,32.666752,16.296677,0.081649,0.682,96.885551,
Subsample_2 8 (Omykiss),Drift_Forage 79,0:00:09:06.175/60000,546.00293,60.433788,23.600199,8.487418,0.188915,0.22245,92.773499,
Subsample_2 8 (Omykiss),Drift_Forage 81,0:00:09:12.175/60000,552.00293,37.999676,21.519703,9.024514,0.104842,0.368885,87.405655,
Subsample_2 8 (Omykiss),Drift_Forage 82,0:00:09:15.175/60000,555.00293,40.431438,26.330263,10.704139,0.108017,1.158428,91.774971,
Subsample_2 8 (Omykiss),Drift_Forage 83,0:00:09:18.175/60000,558.00293,47.268082,18.33766,7.805666,0.151764,0.122142,85.356583,
Subsample_2 8 (Omykiss),Drift_Forage 84,0:00:09:21.175/60000,561.00293,43.902477,21.126097,8.251503,0.133727,0.071397,87.545189,
Subsample_2 8 (Omykiss),Drift_Forage 85,0:00:09:24.175/60000,564.00293,43.471302,20.323812,10.443793,0.117727,0.359803,86.19548,
Subsample_2 8 (Omykiss),Drift_Forage 86,0:00:09:27.175/60000,567.00293,44.159267,20.641003,7.969185,0.136742,0.88912,87.174629,
Subsample_2 8 (Omykiss),Drift_Forage 87,0:00:09:30.175/60000,570.00293,41.915154,19.163931,7.948022,0.128208,0.766643,85.580666,
Subsample_2 8 (Omykiss),Length 88,0:00:09:03.175/60000,543.00293,41.194263,19.472319,11.036028,0.105385,0.618572,85.067139,
Subsample_2 8 (Omykiss),Length 90,0:00:09:18.24471/60000,558.407837,51.442463,16.654285,8.004958,0.168053,0.431648,84.353783,
Subsample_2 8 (Omykiss),Length 88,0:00:09:03.175/60000,543.00293,45.875423,16.807165,9.701848,0.134094,0.344514,83.225876,
Subsample_2 8 (Omykiss),Length 91,0:00:09:27.175/60000,567.00293,49.603821,19.147148,7.62559,0.161303,0.026251,86.510437,
Subsample_2 8 (Omykiss),Length 91,0:00:09:27.175/60000,567.00293,44.097725,20.569372,8.00827,0.136262,0.381191,87.089973,
Subsample_2 8 (Omykiss),Length 90,0:00:09:18.24471/60000,558.407837,46.484051,18.65476,9.047118,0.139539,0.720708,85.237892,
Subsample_2 9 (Omykiss),Drift_Forage 92,0:00:09:00.175/60000,540.00293,-24.326717,36.77824,-10.110813,0.113832,0.293887,111.951317,
Subsample_2 9 (Omykiss),Drift_Forage 93,0:00:09:03.175/60000,543.00293,-37.432095,44.360394,-11.442719,0.095522,0.831011,123.139114,
Subsample_2 9 (Omykiss),Drift_Forage 94,0:00:09:06.175/60000,546.00293,-52.894047,35.626446,-10.636588,0.104774,0.885354,121.827751,
Subsample_2 9 (Omykiss),Feint 95,0:00:09:09.175/60000,549.00293,-2.68035,29.126274,-6.41206,0.077026,0.276547,99.845802,
Subsample_2 9 (Omykiss),Length 96,0:00:09:09.908/60000,549.015137,-10.556069,27.798872,-7.386617,0.112988,0.119707,99.903954,
Subsample_2 9 (Omykiss),Length 96,0:00:09:09.908/60000,549.015137,-2.599574,28.693991,-6.233901,0.078082,0.240735,99.373466,
Subsample_2 9 (Omykiss),Drift_Forage 97,0:00:09:12.175/60000,552.00293,9.083528,34.885963,-13.326419,0.013063,0.805454,107.588409,
Subsample_2 9 (Omykiss),Movement 98,0:00:09:15.175/60000,555.00293,58.841011,26.657982,-13.105453,0.324265,0.539207,102.446671,
Subsample_2 9 (Omykiss),Drift_Forage 100,0:00:09:21.175/60000,561.00293,-10.373355,40.834038,-8.292677,0.060499,0.131364,112.229713,
Subsample_2 9 (Omykiss),Drift_Forage 99,0:00:09:18.175/60000,558.00293,17.054678,28.232962,-16.14814,0.057294,0.376544,103.384453,
Subsample_2 9 (Omykiss),Drift_Forage 101,0:00:09:24.175/60000,564.00293,-27.873842,38.217411,-12.075182,0.116273,0.61163,114.91787,
Subsample_2 9 (Omykiss),Drift_Forage 102,0:00:09:27.175/60000,567.00293,-39.89257,44.998928,-10.089486,0.088734,1.56781,124.124245,
Subsample_2 9 (Omykiss),Length 105,0:00:09:06.3731/60000,546.062195,-46.483044,39.380089,-12.524875,0.11364,0.095888,122.698898,
Subsample_2 9 (Omykiss),Length 104,0:00:09:03.2550/60000,543.04248,-37.247406,43.629818,-11.077108,0.097438,0.545572,122.312431,
Subsample_2 9 (Omykiss),Length 104,0:00:09:03.2550/60000,543.04248,-29.496208,45.090759,-11.764769,0.088808,2.822406,121.393242,
Subsample_2 10 (Omykiss),Search_Forage 106,0:00:09:00.175/60000,540.00293,-44.598694,28.323277,-2.514815,0.102361,0.699798,109.368774,
Subsample_2 9 (Omykiss),Length 105,0:00:09:06.3731/60000,546.062195,-52.845318,35.402538,-10.704267,0.105414,0.905689,121.644829,
Subsample_2 9 (Omykiss),Drift_Forage 103,0:00:09:30.175/60000,570.00293,-35.810329,43.532375,-10.553584,0.096069,1.197598,121.561768,
Subsample_2 10 (Omykiss),Search_Forage 107,0:00:09:03.175/60000,543.00293,-11.317147,31.011002,-6.167053,0.101458,0.78618,102.533752,
Subsample_2 10 (Omykiss),Drift_Forage 108,0:00:09:06.175/60000,546.00293,-7.293762,32.765545,-5.842637,0.080814,0.826669,103.484833,
Subsample_2 10 (Omykiss),Drift_Forage 111,0:00:09:15.175/60000,555.00293,-18.572681,17.554909,-1.813928,0.143858,0.716741,90.247871,
Subsample_2 10 (Omykiss),Movement 110,0:00:09:12.175/60000,552.00293,4.039357,4.729819,0.969829,0.088969,0.785518,74.169022,
Subsample_2 10 (Omykiss),Drift_Forage 109,0:00:09:09.175/60000,549.00293,8.502919,30.485235,-6.653965,0.011364,0.384287,100.955444,
Subsample_2 10 (Omykiss),Drift_Forage 113,0:00:09:21.175/60000,561.00293,-14.092496,31.916996,0.761884,0.082654,0.459581,101.651161,
Subsample_2 10 (Omykiss),Drift_Forage 112,0:00:09:18.175/60000,558.00293,-25.652107,33.354206,-0.709635,0.094891,0.361275,106.180313,
Subsample_2 10 (Omykiss),Drift_Forage 114,0:00:09:24.175/60000,564.00293,-6.714667,21.559067,-1.000113,0.108345,0.085719,91.318825,
Subsample_2 10 (Omykiss),Drift_Forage 115,0:00:09:27.175/60000,567.00293,-20.43573,20.575611,6.574646,0.090662,0.901958,90.965034,
Subsample_2 10 (Omykiss),Drift_Forage 116,0:00:09:30.175/60000,570.00293,-31.530224,8.10749,0.973875,0.118004,1.431233,85.516899,
Subsample_2 10 (Omykiss),Length 119,0:00:09:24.3810/60000,564.063477,-6.802618,21.678593,-0.96162,0.108145,0.61211,91.428673,
Subsample_2 10 (Omykiss),Length 119,0:00:09:24.3810/60000,564.063477,-2.236078,21.494883,-1.372605,0.093593,0.373421,90.915916,
Subsample_2 10 (Omykiss),Length 118,0:00:09:12.3090/60000,552.051514,3.770083,5.062831,0.877273,0.090513,0.52369,74.516022,
Subsample_2 10 (Omykiss),Length 120,0:00:09:27.987/60000,567.016479,-20.64073,20.577127,6.567793,0.090633,0.227108,91.025917,
Subsample_2 10 (Omykiss),Length 120,0:00:09:27.987/60000,567.016479,-16.1327,20.953094,7.144405,0.086145,0.859934,90.061111,
Subsample_2 10 (Omykiss),Length 118,0:00:09:12.3090/60000,552.051514,7.92485,3.428204,1.406803,0.064947,0.649546,72.848145,
Subsample_2 11 (Omykiss),Drift_Forage 121,0:00:09:00.175/60000,540.00293,-61.900997,43.544567,30.25123,0.256353,0.179932,126.340454,
Subsample_2 11 (Omykiss),Drift_Forage 122,0:00:09:03.175/60000,543.00293,-42.467861,38.392311,27.839479,0.195782,3.4088,112.528793,
Subsample_2 11 (Omykiss),Drift_Forage 123,0:00:09:06.175/60000,546.00293,-43.315704,13.758798,28.870632,0.163073,0.569271,91.236671,
Subsample_2 11 (Omykiss),Drift_Forage 124,0:00:09:09.175/60000,549.00293,-61.534012,27.432713,22.77861,0.116233,0.617572,113.006866,
Subsample_2 11 (Omykiss),Drift_Forage 125,0:00:09:12.175/60000,552.00293,-70.51609,30.497623,21.334955,0.095403,3.09987,120.986504,
Subsample_2 11 (Omykiss),Length 128,0:00:09:04.39647/60000,544.660767,-49.731525,28.794632,21.656376,0.118715,1.894586,107.722923,
Subsample_2 11 (Omykiss),Length 130,0:00:09:03.41589/60000,543.693176,-39.297386,34.49522,24.358,0.141882,0.077972,107.786057,
Subsample_2 11 (Omykiss),Length 130,0:00:09:03.41589/60000,543.693176,-44.432503,33.414513,23.984541,0.145627,0.292664,109.057083,
Subsample_2 11 (Omykiss),Length 129,0:00:09:04.7615/60000,544.126892,-42.607086,30.307167,24.385405,0.141901,0.712393,105.443588,
Subsample_2 11 (Omykiss),Length 129,0:00:09:04.7615/60000,544.126892,-47.530251,28.585741,23.885477,0.140805,0.220035,106.290268,
Subsample_2 11 (Omykiss),Length 128,0:00:09:04.39647/60000,544.660767,-53.126015,24.50424,21.70603,0.109999,2.098917,105.890862,
Subsample_2 13 (Hsymmetricus),Drift_Forage 132,0:00:09:00.175/60000,540.00293,-0.227582,51.773323,24.704771,0.144274,0.159666,115.586182,
Subsample_2 13 (Hsymmetricus),Drift_Forage 133,0:00:09:03.175/60000,543.00293,0.018982,52.230942,24.262081,0.143411,0.508536,116.05233,
Subsample_2 13 (Hsymmetricus),Drift_Forage 134,0:00:09:06.175/60000,546.00293,-0.455181,51.955734,24.578178,0.144526,0.458769,115.784584,
Subsample_2 13 (Hsymmetricus),Drift_Forage 135,0:00:09:09.175/60000,549.00293,-0.304405,51.772877,24.561369,0.143486,1.17787,115.595764,
Subsample_2 13 (Hsymmetricus),Drift_Forage 136,0:00:09:12.175/60000,552.00293,-0.760986,46.740234,25.87409,0.131281,0.042144,110.542519,
Subsample_2 13 (Hsymmetricus),Drift_Forage 137,0:00:09:15.175/60000,555.00293,-0.10927,51.359646,24.389549,0.140483,0.819125,115.182487,
Subsample_2 13 (Hsymmetricus),Drift_Forage 138,0:00:09:18.175/60000,558.00293,0.12617,50.092434,24.548487,0.135764,0.110939,113.900017,
Subsample_2 13 (Hsymmetricus),Drift_Forage 140,0:00:09:24.175/60000,564.00293,-0.547168,51.660229,24.572815,0.1433,2.003004,115.494423,
Subsample_2 13 (Hsymmetricus),Drift_Forage 139,0:00:09:21.175/60000,561.00293,0.314742,53.708691,24.562485,0.151429,0.746909,117.50071,
Subsample_2 13 (Hsymmetricus),Drift_Forage 142,0:00:09:30.175/60000,570.00293,0.505925,51.663624,24.164457,0.139931,3.762837,115.47065,
Subsample_2 13 (Hsymmetricus),Drift_Forage 141,0:00:09:27.175/60000,567.00293,-0.192465,53.246334,24.451881,0.149191,2.988086,117.066025,
Subsample_3 12 (Omykiss),Drift_Forage 131,0:00:09:30.175/60000,570.00293,-31.468206,8.024176,1.039837,0.117676,1.007799,85.398239,
Subsample_2 13 (Hsymmetricus),Length 144,0:00:09:06.175/60000,546.00293,-0.326366,51.812874,24.815983,0.145214,1.142985,115.625328,
Subsample_2 13 (Hsymmetricus),Length 144,0:00:09:06.175/60000,546.00293,5.49534,51.631374,21.13073,0.121984,1.238486,115.537773,
Subsample_2 13 (Hsymmetricus),Length 143,0:00:09:21.175/60000,561.00293,0.601242,50.364304,24.782177,0.137844,1.262937,114.141068,
Subsample_2 13 (Hsymmetricus),Length 143,0:00:09:21.175/60000,561.00293,6.579564,49.882137,23.585192,0.12453,0.121815,113.640923,
Subsample_3 12 (Omykiss),Drift_Forage 148,0:00:09:42.175/60000,582.00293,76.92627,28.500526,1.995804,0.279697,0.092822,104.32914,
Subsample_3 12 (Omykiss),Drift_Forage 149,0:00:09:45.175/60000,585.00293,54.12558,26.768614,8.656313,0.168391,0.490715,94.299622,
Subsample_3 12 (Omykiss),Movement 146,0:00:09:36.175/60000,576.00293,62.200134,7.199972,3.156483,0.252462,2.727978,79.901276,
Subsample_3 12 (Omykiss),Movement 145,0:00:09:33.175/60000,573.00293,-6.756678,-4.935139,1.821438,0.118845,0.867997,66.066223,
Subsample_3 12 (Omykiss),Drift_Forage 147,0:00:09:39.175/60000,579.00293,83.637154,15.700305,-1.345196,0.202749,0.266752,97.454437,
Subsample_3 12 (Omykiss),Drift_Forage 150,0:00:09:48.175/60000,588.00293,61.321861,5.015829,6.702468,0.229299,0.176948,76.513092,
Subsample_3 12 (Omykiss),Drift_Forage 151,0:00:09:51.175/60000,591.00293,24.801086,7.161132,3.460795,0.060261,0.13311,76.23027,
Subsample_3 12 (Omykiss),Drift_Forage 152,0:00:09:54.175/60000,594.00293,-22.589506,7.422634,-1.983908,0.155647,1.492138,82.584732,
Subsample_3 14 (Omykiss),Drift_Forage 162,0:00:09:45.175/60000,585.00293,-37.815632,53.16864,-8.526752,0.047252,1.07668,130.164169,
Subsample_3 14 (Omykiss),Drift_Forage 158,0:00:09:33.175/60000,573.00293,-36.388779,43.920399,-9.077515,0.089883,0.753361,121.618538,
Subsample_3 12 (Omykiss),Length 154,0:00:09:54.4609/60000,594.076843,-24.253616,7.31447,-2.072642,0.153434,1.829143,83.098862,
Subsample_3 12 (Omykiss),Length 156,0:00:09:50.16381/60000,590.27301,34.893147,4.872014,4.931096,0.13664,0.045669,72.730515,
Subsample_3 12 (Omykiss),Length 156,0:00:09:50.16381/60000,590.27301,39.372654,4.438675,5.479879,0.164554,0.377356,72.194122,
Subsample_3 14 (Omykiss),Drift_Forage 160,0:00:09:39.175/60000,579.00293,-36.888691,46.987442,-7.955084,0.072919,0.030698,124.158966,
Subsample_3 14 (Omykiss),Drift_Forage 161,0:00:09:42.175/60000,582.00293,-38.424686,45.156227,-9.081447,0.084786,1.194094,123.416412,
Subsample_3 12 (Omykiss),Drift_Forage 153,0:00:09:55.175/60000,595.00293,-36.334408,9.718101,-1.782857,0.111208,0.829058,89.935257,
Subsample_3 12 (Omykiss),Length 154,0:00:09:54.4609/60000,594.076843,-19.714476,7.729304,-1.590099,0.156005,0.861245,81.780807,
Subsample_3 12 (Omykiss),Length 155,0:00:09:51.8433/60000,591.140564,26.66082,6.350386,3.863717,0.075218,0.04302,75.081734,
Subsample_3 14 (Omykiss),Drift_Forage 157,0:00:09:30.175/60000,570.00293,-36.166245,44.189774,-10.689921,0.093834,1.035259,122.306145,
Subsample_3 14 (Omykiss),Drift_Forage 159,0:00:09:36.175/60000,576.00293,-29.090715,38.852016,-12.335843,0.115484,0.950237,115.928154,
Subsample_3 14 (Omykiss),Drift_Forage 163,0:00:09:48.175/60000,588.00293,-40.043514,47.322334,-5.679305,0.061715,0.748792,124.889908,
Subsample_3 12 (Omykiss),Length 155,0:00:09:51.8433/60000,591.140564,22.479141,8.314791,2.883427,0.041881,0.043187,77.873985,
Subsample_3 14 (Omykiss),Drift_Forage 164,0:00:09:51.175/60000,591.00293,-37.802494,42.417599,-3.050659,0.070262,0.466767,118.981316,
Subsample_3 14 (Omykiss),Drift_Forage 165,0:00:09:54.175/60000,594.00293,-27.244869,49.420826,0.581641,0.020002,1.235429,121.120834,
Subsample_3 14 (Omykiss),Drift_Forage 166,0:00:09:57.175/60000,597.00293,-30.630556,44.667068,-7.554255,0.079597,0.545336,119.964211,
Subsample_3 14 (Omykiss),Drift_Forage 167,0:00:10:00.175/60000,600.00293,-39.414013,44.478443,-8.49472,0.085323,0.170945,122.989426,
Subsample_3 15 (Omykiss),Drift_Forage 171,0:00:09:30.175/60000,570.00293,41.795761,18.90695,8.022436,0.127362,0.617272,85.305756,
Subsample_3 14 (Omykiss),Length 168,0:00:09:33.21367/60000,573.35614,-28.566221,44.426758,-11.299605,0.089686,1.239975,120.376472,
Subsample_3 15 (Omykiss),Drift_Forage 172,0:00:09:33.175/60000,573.00293,44.333282,19.501188,8.337368,0.135502,0.379903,85.999809,
Subsample_3 14 (Omykiss),Length 169,0:00:09:37.11597/60000,577.193298,-35.791828,43.245453,-9.742455,0.094767,0.768191,121.035019,
Subsample_3 14 (Omykiss),Length 168,0:00:09:33.21367/60000,573.35614,-36.079529,44.402016,-8.823196,0.086982,0.446295,121.858742,
Subsample_3 14 (Omykiss),Length 170,0:00:09:51.175/60000,591.00293,-38.115826,42.823261,-3.166202,0.069084,0.90591,119.487671,
Subsample_3 14 (Omykiss),Length 170,0:00:09:51.175/60000,591.00293,-30.684776,44.640667,-4.54049,0.068173,0.036066,119.051163,
Subsample_3 14 (Omykiss),Length 169,0:00:09:37.11597/60000,577.193298,-28.417313,44.997231,-11.412084,0.087278,0.052931,120.885551,
Subsample_3 15 (Omykiss),Drift_Forage 174,0:00:09:36.175/60000,576.00293,44.930172,16.899071,3.892685,0.170212,1.166541,84.857933,
Subsample_3 15 (Omykiss),Drift_Forage 176,0:00:09:42.175/60000,582.00293,45.416626,22.794764,11.185822,0.119962,0.274207,88.606819,
Subsample_3 15 (Omykiss),Drift_Forage 175,0:00:09:39.175/60000,579.00293,40.826729,16.548044,1.159956,0.165789,0.435847,85.10672,
Subsample_3 15 (Omykiss),Drift_Forage 178,0:00:09:48.175/60000,588.00293,44.524921,18.699499,8.073643,0.138582,0.844617,85.317703,
Subsample_3 15 (Omykiss),Drift_Forage 177,0:00:09:45.175/60000,585.00293,42.987465,17.266384,4.828698,0.154506,0.49176,84.735977,
Subsample_3 15 (Omykiss),Drift_Forage 179,0:00:09:51.175/60000,591.00293,44.683929,21.680994,7.268669,0.143133,1.014873,88.406693,
Subsample_3 15 (Omykiss),Length 184,0:00:09:33.175/60000,573.00293,44.251595,19.321659,8.401365,0.134843,0.470124,85.802902,
Subsample_3 15 (Omykiss),Length 183,0:00:09:30.175/60000,570.00293,41.73428,18.899296,8.017866,0.127132,0.002948,85.295547,
Subsample_3 15 (Omykiss),Length 184,0:00:09:33.175/60000,573.00293,49.910736,18.161228,8.082939,0.159992,0.037266,85.500099,
Subsample_3 16 (Okisutch),Drift_Forage 188,0:00:09:39.175/60000,579.00293,68.92318,6.959464,1.867102,0.240709,1.312337,82.575386,
Subsample_3 15 (Omykiss),Drift_Forage 182,0:00:10:00.175/60000,600.00293,43.598328,18.380394,11.576192,0.110966,0.415132,84.061844,
Subsample_3 15 (Omykiss),Drift_Forage 180,0:00:09:54.175/60000,594.00293,41.743153,20.553352,8.723917,0.122102,0.196788,86.707115,
Subsample_3 15 (Omykiss),Drift_Forage 181,0:00:09:57.175/60000,597.00293,42.000343,21.799341,10.821168,0.10992,0.270934,87.427872,
Subsample_3 15 (Omykiss),Length 185,0:00:09:45.8073/60000,585.134521,43.640186,18.303205,4.711393,0.157162,0.365006,85.810593,
Subsample_3 16 (Okisutch),Drift_Forage 186,0:00:09:33.175/60000,573.00293,66.902756,4.253026,14.841521,0.153863,0.396682,75.759781,
Subsample_3 16 (Okisutch),Drift_Forage 190,0:00:09:48.175/60000,588.00293,79.891617,9.106675,-4.843266,0.14395,0.208167,91.625969,
Subsample_3 16 (Okisutch),Drift_Forage 193,0:00:10:00.175/60000,600.00293,88.465088,16.167912,16.696955,0.121389,0.040712,96.043114,
Subsample_3 16 (Okisutch),Drift_Forage 192,0:00:09:54.175/60000,594.00293,70.822243,7.40137,-0.697372,0.237656,0.446383,84.635719,
Subsample_3 16 (Okisutch),Drift_Forage 191,0:00:09:51.175/60000,591.00293,73.024483,10.295405,0.468178,0.239598,0.251196,87.554787,
Subsample_3 15 (Omykiss),Length 183,0:00:09:30.175/60000,570.00293,46.647003,16.265955,8.647764,0.145513,0.935609,83.073456,
Subsample_3 16 (Okisutch),Drift_Forage 189,0:00:09:42.175/60000,582.00293,79.199287,13.97909,10.897162,0.176751,0.257834,90.517509,
Subsample_3 15 (Omykiss),Length 185,0:00:09:45.8073/60000,585.134521,48.141537,15.202157,4.515024,0.183479,0.344227,83.462433,
Subsample_3 16 (Okisutch),Drift_Forage 187,0:00:09:36.175/60000,576.00293,53.985119,15.555055,3.342483,0.215084,0.864076,85.197159,
Subsample_3 16 (Okisutch),Length 195,0:00:09:39.175/60000,579.00293,68.802429,6.926489,1.920322,0.241021,0.137114,82.480942,
Subsample_3 16 (Okisutch),Length 196,0:00:09:42.175/60000,582.00293,79.175591,13.924283,10.947515,0.176258,0.406707,90.448563,
Subsample_3 16 (Okisutch),Length 194,0:00:09:33.175/60000,573.00293,70.625473,1.904084,15.649407,0.12966,0.726451,75.143059,
Subsample_3 16 (Okisutch),Length 196,0:00:09:42.175/60000,582.00293,83.041222,11.500482,10.434604,0.139058,0.01144,90.451042,
Subsample_3 16 (Okisutch),Length 195,0:00:09:39.175/60000,579.00293,71.905983,3.789177,1.329557,0.189495,0.414839,81.363182,
Subsample_3 16 (Okisutch),Length 194,0:00:09:33.175/60000,573.00293,66.881874,4.281686,14.834749,0.153972,0.352574,75.778214,
Subsample_3 17 (Okisutch),Drift_Forage 197,0:00:09:30.175/60000,570.00293,20.332865,24.991318,-18.516321,0.085037,1.970917,102.060532,
Subsample_3 17 (Okisutch),Drift_Forage 198,0:00:09:33.175/60000,573.00293,20.741835,27.485411,-18.358189,0.091498,0.806726,104.17849,
Subsample_3 17 (Okisutch),Drift_Forage 201,0:00:09:39.175/60000,579.00293,21.152178,28.777647,-18.918839,0.098678,0.243809,105.50769,
Subsample_3 17 (Okisutch),Drift_Forage 199,0:00:09:36.175/60000,576.00293,24.845684,30.059704,-14.179568,0.116514,1.046339,104.042328,
Subsample_3 17 (Okisutch),Length 200,0:00:09:36.175/60000,576.00293,30.533682,27.997734,-12.910181,0.15277,2.325829,101.175186,
Subsample_3 17 (Okisutch),Length 200,0:00:09:36.175/60000,576.00293,24.869049,30.059587,-14.182261,0.1167,1.030386,104.040855,
Subsample_3 17 (Okisutch),Drift_Forage 202,0:00:09:42.175/60000,582.00293,23.109983,27.743979,-16.220364,0.10462,1.16425,103.091354,
Subsample_3 17 (Okisutch),Drift_Forage 203,0:00:09:45.175/60000,585.00293,24.484512,27.264034,-15.101698,0.111623,0.909187,101.996483,
Subsample_3 17 (Okisutch),Drift_Forage 204,0:00:09:48.175/60000,588.00293,22.246323,25.30953,-16.458055,0.094776,0.187601,101.177032,
Subsample_3 17 (Okisutch),Drift_Forage 206,0:00:09:54.175/60000,594.00293,21.6304,27.397593,-16.740116,0.093699,1.775737,103.221611,
Subsample_3 17 (Okisutch),Drift_Forage 205,0:00:09:51.175/60000,591.00293,22.561548,26.691582,-17.239697,0.101623,1.612159,102.707382,
Subsample_3 17 (Okisutch),Drift_Forage 207,0:00:09:57.175/60000,597.00293,20.87569,27.922777,-18.202181,0.092821,0.345951,104.466545,
Subsample_3 17 (Okisutch),Length 210,0:00:09:37.12598/60000,577.209961,28.07081,24.631788,-15.007035,0.13707,0.593304,99.271835,
Subsample_3 17 (Okisutch),Length 209,0:00:09:36.3529/60000,576.058838,24.982626,31.286045,-15.147565,0.122483,1.392483,105.544189,
Subsample_3 17 (Okisutch),Length 209,0:00:09:36.3529/60000,576.058838,30.802429,28.953835,-13.165537,0.156666,0.82914,102.132248,
Subsample_3 17 (Okisutch),Drift_Forage 208,0:00:10:00.175/60000,600.00293,25.425749,28.277431,-20.34503,0.137023,1.263198,105.232124,
Subsample_2 18 (Okisutch),Movement 214,0:00:09:18.175/60000,558.00293,39.060444,26.95516,-17.457716,0.230702,0.663151,102.183846,
Subsample_3 17 (Okisutch),Length 210,0:00:09:37.12598/60000,577.209961,22.50827,26.835474,-15.931274,0.097537,0.452056,102.237564,
Subsample_2 18 (Okisutch),Drift_Forage 216,0:00:09:24.175/60000,564.00293,19.059889,31.6031,-17.028164,0.082669,0.715725,107.015373,
Subsample_2 18 (Okisutch),Drift_Forage 215,0:00:09:21.175/60000,561.00293,14.167933,24.660933,-18.04649,0.032929,0.340664,100.810196,
Subsample_2 18 (Okisutch),Drift_Forage 217,0:00:09:27.175/60000,567.00293,19.053667,27.658899,-20.948055,0.086471,0.456017,105.355453,
Subsample_2 18 (Okisutch),Drift_Forage 218,0:00:09:30.175/60000,570.00293,20.288149,24.37435,-18.086868,0.082498,1.463463,101.31498,
Subsample_2 18 (Okisutch),Length 211,0:00:09:17.45432/60000,557.757202,43.70377,28.802433,-17.512178,0.262721,1.587244,104.076065,
Subsample_3 19 (Omykiss),Drift_Forage 220,0:00:09:51.175/60000,591.00293,82.491028,25.376875,6.761437,0.242542,0.058117,102.744026,
Subsample_2 18 (Okisutch),Length 213,0:00:09:19.51558/60000,559.859314,22.784164,23.692184,-18.240162,0.103131,1.135846,100.547058,
Subsample_2 18 (Okisutch),Length 212,0:00:09:17.20407/60000,557.340088,49.477619,30.157333,-16.288044,0.292519,0.823364,105.295624,
Subsample_2 18 (Okisutch),Length 211,0:00:09:17.45432/60000,557.757202,49.935627,28.985903,-16.921877,0.298129,1.035184,104.605339,
Subsample_2 18 (Okisutch),Length 212,0:00:09:17.20407/60000,557.340088,55.710342,29.40428,-15.650561,0.322443,0.03166,105.323112,
Subsample_3 19 (Omykiss),Drift_Forage 219,0:00:09:48.175/60000,588.00293,90.806183,21.902126,-2.872076,0.209181,0.391814,106.519379,
Subsample_2 18 (Okisutch),Length 213,0:00:09:19.51558/60000,559.859314,28.522013,21.704357,-17.354954,0.147306,0.218053,97.787384,
Subsample_3 19 (Omykiss),Drift_Forage 221,0:00:09:54.175/60000,594.00293,64.062637,30.341402,8.603047,0.202298,0.410707,100.031776,
Subsample_3 19 (Omykiss),Drift_Forage 222,0:00:09:57.175/60000,597.00293,46.615562,29.985825,11.358714,0.129376,0.48897,95.686523,
Subsample_3 19 (Omykiss),Drift_Forage 223,0:00:10:00.175/60000,600.00293,59.725689,28.925959,6.454462,0.203327,0.38961,98.079651,
Subsample_3 19 (Omykiss),Length 224,0:00:09:48.17262/60000,588.28772,90.06501,22.298969,-2.217407,0.222044,0.350014,106.254791,
Subsample_3 19 (Omykiss),Length 224,0:00:09:48.17262/60000,588.28772,94.041809,21.047592,-4.010902,0.155456,0.079261,107.905869,
Subsample_3 19 (Omykiss),Length 226,0:00:09:50.56421/60000,590.940369,86.242706,23.03418,5.93104,0.229219,0.601552,102.709923,
Subsample_3 19 (Omykiss),Length 226,0:00:09:50.56421/60000,590.940369,82.405548,25.322647,6.747352,0.242502,0.351699,102.662025,
Subsample_3 19 (Omykiss),Length 225,0:00:09:51.17442/60000,591.29071,82.851151,25.909168,8.031573,0.235768,0.948565,103.079124,
Subsample_3 19 (Omykiss),Length 225,0:00:09:51.17442/60000,591.29071,86.886566,23.887918,7.121011,0.226056,0.37457,103.463692,
Subsample_3 20 (Hsymmetricus),Drift_Forage 228,0:00:09:33.175/60000,573.00293,0.229389,52.313393,24.289341,0.143746,1.621544,116.124313,
Subsample_3 20 (Hsymmetricus),Drift_Forage 236,0:00:09:57.175/60000,597.00293,0.458659,53.257263,24.90554,0.151289,3.173514,117.029327,
Subsample_3 20 (Hsymmetricus),Drift_Forage 234,0:00:09:51.175/60000,591.00293,0.904213,49.550934,26.919289,0.147111,0.46234,113.242043,
Subsample_3 20 (Hsymmetricus),Drift_Forage 232,0:00:09:45.175/60000,585.00293,0.718646,49.143906,24.768394,0.132468,0.530459,112.918861,
Subsample_3 20 (Hsymmetricus),Drift_Forage 227,0:00:09:30.175/60000,570.00293,0.096751,50.531593,24.560497,0.13774,1.59759,114.339005,
Subsample_3 20 (Hsymmetricus),Drift_Forage 229,0:00:09:36.175/60000,576.00293,-0.111711,51.069736,24.41647,0.139393,0.551765,114.892029,
Subsample_3 20 (Hsymmetricus),Drift_Forage 231,0:00:09:42.175/60000,582.00293,-0.699453,54.934078,24.212847,0.155774,0.99949,118.785019,
Subsample_3 20 (Hsymmetricus),Drift_Forage 230,0:00:09:39.175/60000,579.00293,0.054798,50.500443,25.207611,0.141559,0.450644,114.281616,
Subsample_3 20 (Hsymmetricus),Drift_Forage 233,0:00:09:48.175/60000,588.00293,0.137502,51.431602,24.475887,0.141076,0.061303,115.239372,
Subsample_3 20 (Hsymmetricus),Drift_Forage 237,0:00:10:00.175/60000,600.00293,-0.223052,53.74366,24.335955,0.150746,0.116606,117.569077,
Subsample_3 20 (Hsymmetricus),Drift_Forage 235,0:00:09:54.175/60000,594.00293,0.148352,51.242767,24.450382,0.140097,2.116462,115.051643,
Subsample_4 21 (Omykiss),Drift_Forage 238,0:00:11:00.175/60000,660.00293,-22.59478,46.137627,2.582658,0.021761,1.199658,116.391029,
Subsample_4 21 (Omykiss),Drift_Forage 239,0:00:11:03.175/60000,663.00293,-28.193213,45.005779,-2.953234,0.058417,0.548896,118.210144,
Subsample_4 21 (Omykiss),Drift_Forage 240,0:00:11:06.175/60000,666.00293,-44.076836,43.357422,-8.35701,0.087201,1.181981,123.739899,
Subsample_4 21 (Omykiss),Drift_Forage 242,0:00:11:12.175/60000,672.00293,-26.053164,22.247593,-9.875467,0.161787,5.386385,99.567017,
Subsample_4 21 (Omykiss),Drift_Forage 241,0:00:11:09.175/60000,669.00293,-51.245258,40.238831,-1.448292,0.054457,0.962276,122.189507,
Subsample_4 21 (Omykiss),Movement 243,0:00:11:15.175/60000,675.00293,26.905628,24.667025,-13.868862,0.124175,0.660022,98.886757,
Subsample_4 21 (Omykiss),Drift_Forage 248,0:00:11:30.175/60000,690.00293,-33.641312,49.196793,-6.948796,0.058506,1.539247,124.786774,
Subsample_4 21 (Omykiss),Drift_Forage 245,0:00:11:21.175/60000,681.00293,-9.521441,35.285275,-14.044866,0.085529,0.540118,109.15097,
Subsample_4 21 (Omykiss),Drift_Forage 246,0:00:11:24.175/60000,684.00293,-31.290163,39.00222,-6.670986,0.10044,0.88766,114.801521,
Subsample_4 21 (Omykiss),Drift_Forage 247,0:00:11:27.175/60000,687.00293,-25.560629,48.349022,-2.557103,0.039004,0.135752,120.485397,
Subsample_4 21 (Omykiss),Drift_Forage 244,0:00:11:18.175/60000,678.00293,18.337948,33.997292,-17.496866,0.084312,0.168555,109.262451,
Subsample_4 21 (Omykiss),Length 251,0:00:11:24.4003/60000,684.066711,-23.560989,39.484375,-6.234838,0.091402,0.448051,112.890785,
Subsample_4 21 (Omykiss),Length 249,0:00:11:24.5004/60000,684.083374,-23.63394,39.579895,-6.267859,0.091188,0.646891,113.007057,
Subsample_4 21 (Omykiss),Length 251,0:00:11:24.4003/60000,684.066711,-31.772318,39.611073,-6.78325,0.098558,0.635994,115.53437,
Subsample_4 21 (Omykiss),Length 249,0:00:11:24.5004/60000,684.083374,-31.846569,39.809433,-6.800783,0.097848,0.305975,115.740799,
Subsample_4 21 (Omykiss),Length 250,0:00:11:03.26767/60000,663.446106,-25.135952,44.889301,-7.955519,0.074772,0.961421,118.774879,
Subsample_4 21 (Omykiss),Length 250,0:00:11:03.26767/60000,663.446106,-32.592224,41.787407,-6.264014,0.087939,0.525077,117.581459,
Subsample_4 22 (Omykiss),Drift_Forage 252,0:00:11:00.175/60000,660.00293,-42.856647,12.218247,10.975847,0.010133,0.938855,91.6483,
Subsample_4 22 (Omykiss),Search_Forage 254,0:00:11:15.175/60000,675.00293,38.009499,10.789163,-2.142003,0.175872,0.263892,80.90461,
Subsample_4 22 (Omykiss),Search_Forage 253,0:00:11:12.175/60000,672.00293,-1.858356,5.27627,1.036306,0.11615,1.178221,74.961723,
Subsample_4 22 (Omykiss),Drift_Forage 255,0:00:11:18.175/60000,678.00293,31.504025,9.224503,-3.350902,0.134166,0.272683,80.09552,
Subsample_4 22 (Omykiss),Drift_Forage 258,0:00:11:27.175/60000,687.00293,20.584421,18.073053,1.877085,0.031616,0.09393,87.558617,
Subsample_4 22 (Omykiss),Drift_Forage 256,0:00:11:21.175/60000,681.00293,34.463776,9.905643,-5.835788,0.166645,0.267507,81.675339,
Subsample_4 22 (Omykiss),Drift_Forage 257,0:00:11:24.175/60000,684.00293,28.330564,7.451002,-2.313364,0.107039,0.09706,78.305214,
Subsample_4 22 (Omykiss),Drift_Forage 259,0:00:11:30.175/60000,690.00293,16.760313,22.568626,5.293071,0.012046,0.473898,90.335205,
Subsample_4 22 (Omykiss),Length 261,0:00:11:18.1641/60000,678.027344,31.414082,9.280948,-3.401845,0.133481,0.47646,80.173393,
Subsample_4 22 (Omykiss),Length 260,0:00:11:21.51871/60000,681.864502,40.125439,8.69291,-5.816092,0.213961,0.929409,80.665085,
Subsample_4 22 (Omykiss),Length 262,0:00:11:18.15655/60000,678.260925,35.307381,7.515376,-3.017544,0.168405,0.07531,78.278473,
Subsample_4 22 (Omykiss),Length 261,0:00:11:18.1641/60000,678.027344,35.383682,7.777828,-3.098692,0.168576,0.68704,78.549538,
Subsample_4 22 (Omykiss),Length 260,0:00:11:21.51871/60000,681.864502,35.984024,10.242372,-6.419716,0.180484,0.099478,82.221405,
Subsample_4 22 (Omykiss),Length 262,0:00:11:18.15655/60000,678.260925,31.232821,9.045351,-3.539105,0.132951,0.361891,80.030067,
Subsample_4 23 (Omykiss),Drift_Forage 265,0:00:11:06.175/60000,666.00293,33.204769,30.135971,18.079962,0.060766,0.025183,94.172379,
Subsample_4 23 (Omykiss),Drift_Forage 264,0:00:11:03.175/60000,663.00293,33.675724,30.085535,13.360349,0.079134,0.151933,94.854782,
Subsample_4 23 (Omykiss),Drift_Forage 263,0:00:11:00.175/60000,660.00293,31.554539,29.90078,16.234486,0.062684,0.157155,94.269867,
Subsample_4 23 (Omykiss),Drift_Forage 266,0:00:11:09.175/60000,669.00293,37.873127,26.227211,10.54425,0.099572,2.834953,91.625168,
Subsample_4 23 (Omykiss),Drift_Forage 267,0:00:11:12.175/60000,672.00293,50.777622,30.15312,14.459465,0.122709,0.268432,95.82093,
Subsample_4 23 (Omykiss),Drift_Forage 268,0:00:11:15.175/60000,675.00293,49.285248,31.123405,15.230047,0.115638,0.179567,96.425133,
Subsample_4 23 (Omykiss),Drift_Forage 269,0:00:11:18.175/60000,678.00293,52.092213,19.864416,5.976917,0.182093,0.3901,88.059631,
Subsample_4 23 (Omykiss),Length 272,0:00:11:11.1221/60000,671.020325,42.779461,30.013191,14.50653,0.099768,0.160728,94.782661,
Subsample_4 23 (Omykiss),Length 273,0:00:11:14.400/60000,674.006653,57.823071,34.036488,15.77911,0.141592,0.212157,100.679535,
Subsample_4 24 (Omykiss),Drift_Forage 274,0:00:11:00.175/60000,660.00293,24.960739,21.632269,-10.965697,0.097229,0.112426,95.102135,
Subsample_4 23 (Omykiss),Movement 270,0:00:11:21.175/60000,681.00293,71.163734,0.835769,1.978646,0.162981,0.16213,78.377998,
Subsample_4 23 (Omykiss),Length 273,0:00:11:14.400/60000,674.006653,53.582302,36.149796,15.278855,0.138312,0.127017,101.984047,
Subsample_4 23 (Omykiss),Length 271,0:00:11:10.48208/60000,670.803467,47.250999,29.759777,15.238513,0.107428,0.892057,94.83107,
Subsample_4 23 (Omykiss),Length 271,0:00:11:10.48208/60000,670.803467,42.51123,30.322868,15.046995,0.096728,0.063191,94.978401,
Subsample_4 23 (Omykiss),Length 272,0:00:11:11.1221/60000,671.020325,47.298794,28.799864,14.238456,0.111981,0.370338,94.065834,
Subsample_4 24 (Omykiss),Drift_Forage 275,0:00:11:03.175/60000,663.00293,26.098747,25.694433,-2.116724,0.08748,0.333359,95.222557,
Subsample_4 24 (Omykiss),Drift_Forage 276,0:00:11:06.175/60000,666.00293,19.211546,22.421633,2.326416,0.028628,0.31178,91.394333,
Subsample_4 24 (Omykiss),Drift_Forage 277,0:00:11:09.175/60000,669.00293,27.928064,25.15407,4.123506,0.080201,0.080415,92.564728,
Subsample_4 24 (Omykiss),Drift_Forage 278,0:00:11:12.175/60000,672.00293,40.117756,24.711683,1.064765,0.157778,1.168121,92.792694,
Subsample_4 24 (Omykiss),Drift_Forage 279,0:00:11:15.175/60000,675.00293,42.632202,23.908564,7.24354,0.134984,0.026755,90.382118,
Subsample_4 24 (Omykiss),Drift_Forage 280,0:00:11:18.175/60000,678.00293,43.302574,22.943474,6.154101,0.144258,0.643235,89.795189,
Subsample_4 24 (Omykiss),Drift_Forage 281,0:00:11:21.175/60000,681.00293,44.898033,11.730938,-0.273478,0.206974,1.876733,81.48587,
Subsample_4 24 (Omykiss),Drift_Forage 282,0:00:11:24.175/60000,684.00293,37.305874,19.809572,11.533301,0.087508,0.182373,85.139648,
Subsample_4 24 (Omykiss),Drift_Forage 283,0:00:11:27.175/60000,687.00293,35.469078,30.469273,7.334138,0.111623,0.04832,96.479248,
Subsample_4 24 (Omykiss),Drift_Forage 284,0:00:11:30.175/60000,690.00293,40.425716,22.352137,6.224213,0.13132,0.932565,89.024178,
Subsample_4 24 (Omykiss),Length 285,0:00:11:09.12112/60000,669.201843,28.186384,24.478966,4.582069,0.079267,0.061981,91.766922,
Subsample_4 24 (Omykiss),Length 285,0:00:11:09.12112/60000,669.201843,33.837452,23.676508,3.794828,0.111741,0.282841,90.911819,
Subsample_4 25 (Okisutch),Drift_Forage 288,0:00:11:00.175/60000,660.00293,3.818657,28.763092,-16.260338,0.036746,0.901482,103.221123,
Subsample_4 24 (Omykiss),Length 286,0:00:11:24.24023/60000,684.400391,37.79504,21.157598,11.396177,0.090583,0.236957,86.492096,
Subsample_4 24 (Omykiss),Length 287,0:00:11:17.53633/60000,677.89386,43.157814,21.875126,7.494284,0.135434,0.13431,88.399368,
Subsample_4 24 (Omykiss),Length 286,0:00:11:24.24023/60000,684.400391,43.55463,20.261086,11.233601,0.112735,0.353686,85.960022,
Subsample_4 24 (Omykiss),Length 287,0:00:11:17.53633/60000,677.89386,48.874252,21.022749,8.663012,0.149871,0.436905,87.923019,
Subsample_4 25 (Okisutch),Drift_Forage 289,0:00:11:03.175/60000,663.00293,-1.380513,26.714354,-19.430264,0.066406,2.314799,103.0681,
Subsample_4 25 (Okisutch),Drift_Forage 290,0:00:11:06.175/60000,666.00293,5.434319,27.907961,-18.433643,0.023473,0.486019,103.446091,
Subsample_4 25 (Okisutch),Drift_Forage 291,0:00:11:09.175/60000,669.00293,16.98181,28.913038,-18.131952,0.063483,0.342918,104.873245,
Subsample_4 25 (Okisutch),Drift_Forage 292,0:00:11:12.175/60000,672.00293,14.254921,28.973791,-14.603081,0.033888,0.794148,103.082329,
Subsample_4 25 (Okisutch),Drift_Forage 293,0:00:11:15.175/60000,675.00293,21.908758,27.991261,-16.082018,0.095056,1.440698,103.405136,
Subsample_4 25 (Okisutch),Drift_Forage 294,0:00:11:18.175/60000,678.00293,24.342743,21.871672,-15.392673,0.10546,0.954385,97.402924,
Subsample_4 25 (Okisutch),Drift_Forage 295,0:00:11:21.175/60000,681.00293,22.333784,27.9203,-17.349392,0.101989,0.645458,103.86454,
Subsample_4 25 (Okisutch),Drift_Forage 296,0:00:11:24.175/60000,684.00293,17.741453,29.525038,-18.243752,0.071044,1.104769,105.552704,
Subsample_4 25 (Okisutch),Drift_Forage 297,0:00:11:27.175/60000,687.00293,28.400976,36.31023,-16.579163,0.161918,0.729624,110.373703,
Subsample_4 25 (Okisutch),Drift_Forage 298,0:00:11:30.175/60000,690.00293,19.885387,31.333084,-14.427085,0.082016,1.349943,105.771439,
Subsample_4 25 (Okisutch),Length 300,0:00:11:27.6185/60000,687.103088,34.971611,32.23975,-15.690459,0.198795,0.296924,106.054901,
Subsample_4 25 (Okisutch),Length 299,0:00:11:12.3283/60000,672.054688,19.349989,26.590296,-14.317743,0.067472,0.799251,101.412971,
Subsample_4 26 (Hsymmetricus),Drift_Forage 302,0:00:11:00.175/60000,660.00293,0.095257,53.318443,24.346718,0.148637,0.483433,117.130264,
Subsample_4 25 (Okisutch),Length 301,0:00:11:27.55234/60000,687.920593,35.837482,30.79137,-15.589563,0.202948,0.15841,104.703499,
Subsample_4 25 (Okisutch),Length 301,0:00:11:27.55234/60000,687.920593,29.753151,32.422684,-14.929036,0.159401,0.826401,106.075165,
Subsample_4 25 (Okisutch),Length 300,0:00:11:27.6185/60000,687.103088,28.820688,33.857609,-15.360335,0.156467,0.33029,107.612938,
Subsample_4 25 (Okisutch),Length 299,0:00:11:12.3283/60000,672.054688,13.877876,29.434681,-14.454384,0.031936,0.28595,103.399788,
Subsample_4 26 (Hsymmetricus),Drift_Forage 306,0:00:11:12.175/60000,672.00293,-0.724,56.540554,24.138536,0.162674,1.099458,120.392509,
Subsample_4 26 (Hsymmetricus),Drift_Forage 304,0:00:11:06.175/60000,666.00293,0.223511,52.914467,24.331947,0.146648,0.90523,116.722397,
Subsample_4 26 (Hsymmetricus),Drift_Forage 305,0:00:11:09.175/60000,669.00293,-0.146434,57.205032,24.235886,0.165832,2.489464,121.024574,
Subsample_4 26 (Hsymmetricus),Drift_Forage 308,0:00:11:18.175/60000,678.00293,-0.149731,52.453732,24.251585,0.144478,1.831887,116.282631,
Subsample_4 26 (Hsymmetricus),Drift_Forage 303,0:00:11:03.175/60000,663.00293,0.373617,51.055111,24.764389,0.140931,0.590064,114.840569,
Subsample_4 26 (Hsymmetricus),Drift_Forage 309,0:00:11:21.175/60000,681.00293,-0.055304,50.245728,24.597771,0.136892,0.032841,114.058746,
Subsample_4 26 (Hsymmetricus),Drift_Forage 307,0:00:11:15.175/60000,675.00293,-0.151082,51.824669,24.585646,0.143709,0.253606,115.639297,
Subsample_4 26 (Hsymmetricus),Drift_Forage 310,0:00:11:24.175/60000,684.00293,-0.455107,53.946278,24.22172,0.151182,2.038621,117.787346,
Subsample_4 26 (Hsymmetricus),Drift_Forage 311,0:00:11:27.175/60000,687.00293,-0.646479,50.840603,25.113039,0.14319,0.92066,114.657951,
Subsample_4 26 (Hsymmetricus),Drift_Forage 312,0:00:11:30.175/60000,690.00293,-0.399541,54.545368,24.198753,0.153686,0.214041,118.383606,
Subsample_5 27 (Omykiss),Search_Forage 313,0:00:15:00.175/60000,900.00293,-28.011572,2.312459,12.244648,0.026975,1.015653,75.806717,
Subsample_5 27 (Omykiss),Search_Forage 314,0:00:15:03.175/60000,903.00293,-11.720403,8.305163,9.934251,0.086391,1.14881,76.459488,
Subsample_5 27 (Omykiss),Search_Forage 315,0:00:15:06.175/60000,906.00293,-11.325859,-20.027384,11.392401,0.08414,2.181466,50.065666,
Subsample_5 27 (Omykiss),Search_Forage 316,0:00:15:01.175/60000,901.00293,-21.260399,10.454543,11.757643,0.060227,0.298042,80.634926,
Subsample_5 27 (Omykiss),Length 319,0:00:15:03.17143/60000,903.285706,-12.764193,8.093025,10.030766,0.085482,0.631294,76.471794,
Subsample_5 27 (Omykiss),Length 318,0:00:15:00.12959/60000,900.216003,-30.006409,1.738889,12.21102,0.017385,0.841102,76.214226,
Subsample_5 28 (Omykiss),Drift_Forage 321,0:00:15:03.175/60000,903.00293,-67.903214,38.005455,-5.065705,0.026206,0.985201,129.866226,
Subsample_5 27 (Omykiss),Length 318,0:00:15:00.12959/60000,900.216003,-25.773693,3.628965,12.240364,0.038458,0.478504,76.019135,
Subsample_5 27 (Omykiss),Length 319,0:00:15:03.17143/60000,903.285706,-7.83228,8.5099,9.867082,0.085825,0.628877,75.912148,
Subsample_5 27 (Omykiss),Length 317,0:00:15:00.20967/60000,900.349426,-28.842752,3.008602,12.164639,0.027,0.885039,76.794586,
Subsample_5 27 (Omykiss),Length 317,0:00:15:00.20967/60000,900.349426,-24.275156,4.399119,12.151516,0.045416,0.726277,76.130928,
Subsample_5 28 (Omykiss),Drift_Forage 320,0:00:15:00.175/60000,900.00293,-64.900414,39.183372,-4.837022,0.037885,0.883504,129.07634,
Subsample_5 28 (Omykiss),Drift_Forage 322,0:00:15:06.175/60000,906.00293,-61.195526,39.225151,-3.796871,0.04607,0.601774,126.859627,
Subsample_5 28 (Omykiss),Drift_Forage 323,0:00:15:09.175/60000,909.00293,-53.811138,43.250568,-9.498655,0.081254,2.166515,128.176117,
Subsample_5 28 (Omykiss),Drift_Forage 324,0:00:15:12.175/60000,912.00293,-62.042763,42.424465,-10.238083,0.066636,0.909884,131.717133,
Subsample_5 28 (Omykiss),Drift_Forage 325,0:00:15:15.175/60000,915.00293,-58.583626,45.223362,-8.06254,0.060523,0.09387,131.637604,
Subsample_5 28 (Omykiss),Drift_Forage 326,0:00:15:18.175/60000,918.00293,-46.501335,44.092075,-7.590416,0.079369,1.46186,125.121864,
Subsample_5 28 (Omykiss),Drift_Forage 327,0:00:15:21.175/60000,921.00293,-36.028851,49.49205,-9.576373,0.067359,0.446794,126.607048,
Subsample_5 28 (Omykiss),Drift_Forage 328,0:00:15:24.175/60000,924.00293,-46.65099,46.424969,-13.920323,0.092548,0.192361,129.200806,
Subsample_5 28 (Omykiss),Drift_Forage 330,0:00:15:30.175/60000,930.00293,-55.929031,45.072693,-7.342477,0.0627,1.087892,130.040909,
Subsample_5 28 (Omykiss),Drift_Forage 329,0:00:15:27.175/60000,927.00293,-57.642754,40.650841,-12.139377,0.088717,1.878352,128.690536,
Subsample_5 28 (Omykiss),Length 332,0:00:15:16.13919/60000,916.231995,-45.768204,38.809303,-9.364355,0.105732,0.207572,120.858231,
Subsample_5 28 (Omykiss),Length 331,0:00:15:00.33980/60000,900.566345,-66.397049,37.580105,-5.057731,0.032602,0.960162,128.688995,
Subsample_5 28 (Omykiss),Length 331,0:00:15:00.33980/60000,900.566345,-58.634911,39.418407,-6.37359,0.066026,0.228897,126.413284,
Subsample_5 28 (Omykiss),Length 332,0:00:15:16.13919/60000,916.231995,-53.989048,39.880245,-8.163895,0.084717,0.14085,125.052444,
Subsample_5 29 (Omykiss),Drift_Forage 333,0:00:15:00.175/60000,900.00293,30.968863,17.472382,9.754971,0.069108,0.153776,83.444023,
Subsample_5 29 (Omykiss),Drift_Forage 335,0:00:15:06.175/60000,906.00293,27.46557,22.077497,13.177756,0.045548,0.659784,87.42865,
Subsample_5 29 (Omykiss),Drift_Forage 334,0:00:15:03.175/60000,903.00293,28.876705,18.505201,6.123126,0.072946,0.196229,85.565552,
Subsample_5 29 (Omykiss),Drift_Forage 336,0:00:15:09.175/60000,909.00293,23.763504,27.372353,11.844192,0.045862,0.110822,93.276886,
Subsample_5 29 (Omykiss),Drift_Forage 338,0:00:15:15.175/60000,915.00293,20.29907,16.069324,3.554335,0.025017,0.415354,85.207306,
Subsample_5 29 (Omykiss),Search_Forage 340,0:00:15:21.175/60000,921.00293,-18.19651,16.872856,0.841975,0.133386,1.130735,88.632149,
Subsample_5 29 (Omykiss),Search_Forage 339,0:00:15:18.175/60000,918.00293,-4.148074,11.06023,1.990563,0.115947,0.771274,80.2006,
Subsample_5 29 (Omykiss),Drift_Forage 337,0:00:15:12.175/60000,912.00293,29.525126,20.70351,4.785751,0.082427,0.109824,87.998283,
Subsample_5 29 (Omykiss),Search_Forage 341,0:00:15:24.175/60000,924.00293,-48.403339,13.348835,-7.463063,0.062323,6.257641,100.850533,
Subsample_5 30 (Omykiss),Drift_Forage 347,0:00:15:24.175/60000,924.00293,-47.156216,33.177261,26.489454,0.178702,1.836995,110.006851,
Subsample_5 29 (Omykiss),Length 344,0:00:15:16.52958/60000,916.882629,10.993331,8.685176,5.318152,0.041842,0.702882,76.541374,
Subsample_5 30 (Omykiss),Drift_Forage 346,0:00:15:21.175/60000,921.00293,-63.056412,24.77383,22.757231,0.096828,1.46168,111.799454,
Subsample_5 29 (Omykiss),Length 344,0:00:15:16.52958/60000,916.882629,5.505128,8.632924,4.521026,0.073448,0.100803,76.524765,
Subsample_5 29 (Omykiss),Length 342,0:00:15:00.175/60000,900.00293,30.974854,17.004536,9.877759,0.068562,0.212961,82.960899,
Subsample_5 30 (Omykiss),Drift_Forage 348,0:00:15:27.175/60000,927.00293,-53.273342,25.767887,21.766886,0.114131,1.900671,107.019905,
Subsample_5 29 (Omykiss),Length 343,0:00:15:03.2128/60000,903.035461,34.168163,16.80126,6.617473,0.100003,1.764995,83.506294,
Subsample_5 30 (Omykiss),Drift_Forage 345,0:00:15:18.175/60000,918.00293,-60.472118,33.311012,25.389429,0.168386,0.091219,117.066551,
Subsample_5 29 (Omykiss),Length 343,0:00:15:03.2128/60000,903.035461,28.911104,18.066597,6.251109,0.072547,0.386586,85.107399,
Subsample_5 29 (Omykiss),Length 342,0:00:15:00.175/60000,900.00293,36.56324,16.040619,9.870995,0.094762,0.988026,81.870476,
Subsample_5 30 (Omykiss),Length 350,0:00:15:21.175/60000,921.00293,-59.486092,27.670938,23.02899,0.124471,1.310186,111.990303,
Subsample_5 30 (Omykiss),Length 349,0:00:15:18.175/60000,918.00293,-59.181255,31.507082,25.486198,0.163588,0.628739,114.847031,
Subsample_5 30 (Omykiss),Length 349,0:00:15:18.175/60000,918.00293,-56.233532,34.822338,26.515486,0.189075,0.811173,115.987793,
Subsample_5 30 (Omykiss),Length 351,0:00:15:24.10395/60000,924.173279,-47.045784,33.276669,25.732861,0.169947,0.605593,110.067665,
Subsample_5 31 (Hsymmetricus),Drift_Forage 352,0:00:15:00.175/60000,900.00293,-0.255787,52.211517,24.493866,0.144947,1.812761,116.034325,
Subsample_5 30 (Omykiss),Length 351,0:00:15:24.10395/60000,924.173279,-42.209969,34.023762,26.688896,0.174064,0.266,108.500717,
Subsample_5 30 (Omykiss),Length 350,0:00:15:21.175/60000,921.00293,-63.700859,25.511208,22.730721,0.098441,0.972621,112.776649,
Subsample_5 31 (Hsymmetricus),Drift_Forage 353,0:00:15:03.175/60000,903.00293,-0.211074,51.697418,24.89422,0.14507,1.88133,115.501381,
Subsample_5 31 (Hsymmetricus),Drift_Forage 354,0:00:15:06.175/60000,906.00293,0.126829,51.737652,24.753361,0.144061,1.85481,115.532684,
Subsample_5 31 (Hsymmetricus),Drift_Forage 355,0:00:15:09.175/60000,909.00293,0.809669,49.98135,25.313356,0.139163,0.656861,113.728325,
Subsample_5 31 (Hsymmetricus),Drift_Forage 356,0:00:15:12.175/60000,912.00293,0.095902,50.990417,24.521626,0.13948,0.080179,114.798744,
Subsample_5 31 (Hsymmetricus),Drift_Forage 357,0:00:15:15.175/60000,915.00293,0.401516,50.912384,24.980595,0.141577,0.056392,114.687569,
Subsample_5 31 (Hsymmetricus),Drift_Forage 359,0:00:15:21.175/60000,921.00293,-1.742977,54.960094,22.785368,0.148318,7.089524,118.942627,
Subsample_5 31 (Hsymmetricus),Drift_Forage 358,0:00:15:18.175/60000,918.00293,0.02419,51.815895,24.179386,0.141105,1.291741,115.64196,
Subsample_5 31 (Hsymmetricus),Drift_Forage 362,0:00:15:30.175/60000,930.00293,-0.434339,60.988464,23.142342,0.177872,4.232658,124.86702,
Subsample_5 31 (Hsymmetricus),Drift_Forage 361,0:00:15:27.175/60000,927.00293,1.104687,46.850914,24.614433,0.121641,0.194093,110.62262,
Subsample_5 31 (Hsymmetricus),Drift_Forage 360,0:00:15:24.175/60000,924.00293,0.445805,56.012714,23.829405,0.157591,2.978203,119.83004,
Subsample_6 32 (Omykiss),Drift_Forage 363,0:00:16:30.175/60000,990.00293,-49.6749,42.091812,-8.103253,0.085276,0.630912,124.919617,
Subsample_6 32 (Omykiss),Drift_Forage 365,0:00:16:36.175/60000,996.00293,-55.89061,40.833405,-12.071404,0.092662,0.094234,127.972244,
Subsample_6 32 (Omykiss),Drift_Forage 364,0:00:16:33.175/60000,993.00293,-41.634037,44.778168,-18.142805,0.108458,0.265296,127.384567,
Subsample_6 32 (Omykiss),Drift_Forage 366,0:00:16:39.175/60000,999.00293,-59.04129,44.821602,-8.88822,0.064242,1.993374,131.768661,
Subsample_6 32 (Omykiss),Drift_Forage 369,0:00:16:48.175/60000,1008.00293,-63.905445,25.309896,-6.636677,0.031141,1.168271,118.28672,
Subsample_6 32 (Omykiss),Drift_Forage 368,0:00:16:45.175/60000,1005.00293,-47.835251,43.453274,-6.533641,0.075707,0.422444,124.81871,
Subsample_6 32 (Omykiss),Drift_Forage 367,0:00:16:42.175/60000,1002.00293,-51.489285,48.840435,-6.176856,0.049752,1.064,130.905106,
Subsample_6 32 (Omykiss),Drift_Forage 370,0:00:16:57.175/60000,1017.00293,-65.883636,31.372295,-9.14248,0.035929,0.822895,124.788773,
Subsample_6 32 (Omykiss),Drift_Forage 371,0:00:17:00.175/60000,1020.00293,-57.845531,40.47538,-7.808159,0.072644,0.223901,127.299583,
Subsample_6 32 (Omykiss),Length 374,0:00:16:58.21040/60000,1018.350647,-54.827736,36.58849,-12.025462,0.10207,0.035522,124.000648,
Subsample_6 32 (Omykiss),Length 373,0:00:16:47.44404/60000,1007.740051,-61.142418,26.325996,-7.269422,0.043893,1.160653,117.670677,
Subsample_6 32 (Omykiss),Length 372,0:00:16:30.37378/60000,990.622986,-40.054142,44.071316,-10.697074,0.094443,1.044311,123.570724,
Subsample_6 32 (Omykiss),Length 373,0:00:16:47.44404/60000,1007.740051,-53.624805,28.58959,-7.172708,0.091329,1.93212,115.37822,
Subsample_6 32 (Omykiss),Length 374,0:00:16:58.21040/60000,1018.350647,-61.766136,35.742138,-8.374867,0.064105,1.193124,125.675812,
Subsample_6 32 (Omykiss),Length 372,0:00:16:30.37378/60000,990.622986,-46.872913,41.477676,-8.286993,0.091414,1.57878,123.249611,
Subsample_6 33 (Omykiss),Drift_Forage 375,0:00:16:30.175/60000,990.00293,45.462696,18.749321,21.786785,0.044861,0.2143,82.901871,
Subsample_6 33 (Omykiss),Drift_Forage 377,0:00:16:36.175/60000,996.00293,50.455761,11.404747,17.347048,0.092509,0.3012,77.072586,
Subsample_6 33 (Omykiss),Drift_Forage 376,0:00:16:33.175/60000,993.00293,49.459728,20.720196,21.564745,0.057575,0.395005,85.404694,
Subsample_6 33 (Omykiss),Drift_Forage 380,0:00:16:45.175/60000,1005.00293,50.034229,15.589881,17.953629,0.083054,0.156447,80.957108,
Subsample_6 33 (Omykiss),Drift_Forage 378,0:00:16:39.175/60000,999.00293,50.365749,17.626499,15.215506,0.105859,1.194981,83.458229,
Subsample_6 33 (Omykiss),Drift_Forage 379,0:00:16:42.175/60000,1002.00293,40.991791,15.689337,15.101347,0.078304,0.024343,80.502571,
Subsample_6 33 (Omykiss),Surface_Strike 381,0:00:16:48.175/60000,1008.00293,43.865658,15.166333,34.000286,0.026876,5.872915,78.765976,
Subsample_6 33 (Omykiss),Drift_Forage 382,0:00:16:51.175/60000,1011.00293,47.151123,18.688023,21.972292,0.047085,0.072937,83.028816,
Subsample_6 33 (Omykiss),Drift_Forage 383,0:00:16:54.175/60000,1014.00293,59.525127,7.789189,17.940731,0.115099,0.376547,75.767792,
Subsample_6 33 (Omykiss),Surface_Strike 384,0:00:16:57.175/60000,1017.00293,63.956879,7.499433,19.075373,0.111065,0.327077,76.805923,
Subsample_6 33 (Omykiss),Drift_Forage 385,0:00:17:00.175/60000,1020.00293,62.254154,11.937773,19.272528,0.103344,0.341621,80.309296,
Subsample_6 33 (Omykiss),Length 387,0:00:16:33.175/60000,993.00293,49.27528,20.298649,21.619562,0.056199,0.079116,84.956207,
Subsample_6 33 (Omykiss),Length 387,0:00:16:33.175/60000,993.00293,54.268059,17.98502,22.217855,0.060481,0.330143,83.561302,
Subsample_6 33 (Omykiss),Length 388,0:00:16:51.3603/60000,1011.060059,47.52557,18.794214,22.002058,0.047807,0.241327,83.180832,
Subsample_6 33 (Omykiss),Length 388,0:00:16:51.3603/60000,1011.060059,53.152153,17.377377,22.162195,0.057715,0.089338,82.740395,
Subsample_6 33 (Omykiss),Length 386,0:00:16:30.175/60000,990.00293,45.480579,18.961634,21.777969,0.045216,0.395679,83.114563,
Subsample_6 33 (Omykiss),Length 386,0:00:16:30.175/60000,990.00293,50.588516,16.673813,22.422178,0.049253,0.608697,81.536041,
Surface_Shots 34,Point 389,0:00:08:02.50046/60000,482.834106,14.220083,-29.861847,36.841671,0.391755,1.124774,35.622189,
Surface_Shots 34,Point 393,0:00:08:01.50046/60000,481.834106,20.425652,-30.48925,36.991982,0.297554,1.396071,36.790039,
Surface_Shots 34,Point 391,0:00:08:00.50046/60000,480.834106,26.895634,-30.580109,37.252365,0.194971,1.230439,34.48991,
Surface_Shots 34,Point 392,0:00:08:03.50046/60000,483.834106,7.41299,-28.526194,36.787617,0.464171,0.194863,35.804825,
Surface_Shots 34,Point 390,0:00:07:59.50046/60000,479.834106,31.963545,-29.857773,37.317162,0.122932,1.331332,34.205791,
Subsample_1 6 (Omykiss),Movement 394,0:00:07:47.1994/60000,467.033234,-42.694817,12.745831,-10.63306,0.095475,0.40144,98.726807,
Subsample_1 6 (Omykiss),Movement 395,0:00:07:46.1994/60000,466.033234,-44.444843,14.447178,-9.838561,0.0951,0.711249,100.57914,